-0.00157897,-0.781574,0.000928803,-2.35543,0.0013477,1.57322,0.790551
-0.00472547,-0.773955,0.00273506,-2.35388,0.00399534,1.57801,0.800762
-0.00939689,-0.76263,0.00532979,-2.35153,0.0078525,1.58511,0.815847
-0.0155201,-0.747736,0.0085913,-2.3483,0.012792,1.59436,0.835535
-0.0214817,-0.733112,0.0116586,-2.34498,0.0175146,1.60334,0.854737
-0.0272858,-0.718758,0.0145392,-2.34157,0.0220311,1.61205,0.873466
-0.0329365,-0.704679,0.0172406,-2.33808,0.0263516,1.6205,0.891737
-0.0398319,-0.68744,0.020356,-2.33367,0.0314892,1.63074,0.913963
-0.0464978,-0.670634,0.0232183,-2.32918,0.0363555,1.64061,0.935516
-0.0529417,-0.654258,0.0258407,-2.32464,0.0409679,1.65011,0.956417
-0.0591703,-0.63831,0.0282361,-2.32006,0.0453428,1.65925,0.97669
-0.0651904,-0.622787,0.0304169,-2.31546,0.0494957,1.66805,0.996356
-0.0710088,-0.607683,0.032395,-2.31085,0.0534412,1.67653,1.01543
-0.0766318,-0.592993,0.0341818,-2.30625,0.057193,1.6847,1.03394
-0.0820658,-0.57871,0.0357886,-2.30167,0.060764,1.69257,1.0519
-0.087317,-0.564827,0.0372259,-2.29712,0.0641661,1.70016,1.06933
-0.0934208,-0.548663,0.0387288,-2.29174,0.0680423,1.70893,1.08958
-0.0992774,-0.533052,0.0400203,-2.28642,0.0717101,1.71733,1.10912
-0.104897,-0.51798,0.0411163,-2.28118,0.0751859,1.72537,1.12798
-0.11029,-0.503431,0.0420316,-2.27602,0.0784849,1.73307,1.14617
-0.115464,-0.489391,0.0427804,-2.27097,0.0816208,1.74046,1.16373
-0.120431,-0.475843,0.0433758,-2.26601,0.0846064,1.74753,1.18067
-0.126004,-0.460619,0.0438838,-2.26039,0.0879168,1.75546,1.19972
-0.131316,-0.446022,0.0442197,-2.25491,0.0910551,1.763,1.218
-0.136381,-0.432027,0.0444004,-2.24959,0.094036,1.7702,1.23554
-0.141212,-0.418612,0.044442,-2.24444,0.096873,1.77707,1.25238
-0.14582,-0.405752,0.044359,-2.23944,0.0995777,1.78363,1.26855
-0.150854,-0.391688,0.0441209,-2.23393,0.102523,1.79078,1.28626
-0.155626,-0.378288,0.043757,-2.22864,0.105324,1.79758,1.30316
-0.160151,-0.365521,0.0432838,-2.22355,0.107992,1.80403,1.3193
-0.164989,-0.351857,0.0426323,-2.21807,0.110851,1.81094,1.33662
-0.169549,-0.338916,0.0418817,-2.21285,0.11357,1.81747,1.35306
-0.173851,-0.326659,0.0410492,-2.20787,0.11616,1.82364,1.36867
-0.178369,-0.313775,0.0400393,-2.20262,0.118901,1.83014,1.38513
-0.182607,-0.301641,0.038966,-2.19765,0.121507,1.83625,1.40068
-0.186989,-0.289085,0.0377237,-2.1925,0.124233,1.84259,1.41681
-0.191456,-0.276274,0.0363174,-2.18723,0.127051,1.84908,1.43334
-0.195601,-0.264343,0.0348852,-2.18231,0.129716,1.85512,1.44878
-0.199776,-0.252317,0.033316,-2.17734,0.132444,1.86123,1.4644
-0.203933,-0.240333,0.0316264,-2.1724,0.135213,1.86734,1.48003
-0.208029,-0.228516,0.0298366,-2.16752,0.137997,1.87338,1.49549
-0.212025,-0.216977,0.0279699,-2.16276,0.140772,1.87931,1.51066
-0.215889,-0.205812,0.0260514,-2.15817,0.143516,1.88507,1.52539
-0.219591,-0.195103,0.0241069,-2.15376,0.146207,1.89062,1.53957
-0.223111,-0.184914,0.0221622,-2.14957,0.148826,1.89592,1.55311
-0.226431,-0.175295,0.0202417,-2.14563,0.151353,1.90095,1.56593
-0.22954,-0.166284,0.0183678,-2.14194,0.153773,1.90569,1.57799
-0.232428,-0.157903,0.0165603,-2.13851,0.156071,1.91011,1.58923
-0.235095,-0.150162,0.0148359,-2.13535,0.158237,1.91421,1.59965
-0.237538,-0.143063,0.013208,-2.13246,0.160261,1.91798,1.60922
-0.239762,-0.136595,0.0116868,-2.12983,0.162137,1.92143,1.61797
-0.241774,-0.130742,0.010279,-2.12745,0.163863,1.92456,1.62589
-0.243581,-0.125481,0.00898832,-2.12532,0.165438,1.92738,1.63303
-0.245193,-0.120782,0.00781579,-2.12341,0.166863,1.92991,1.63941
-0.246623,-0.116613,0.00675989,-2.12172,0.168143,1.93216,1.64509
-0.247882,-0.112937,0.00581715,-2.12023,0.169284,1.93414,1.65009
-0.248984,-0.109719,0.0049824,-2.11893,0.170292,1.93589,1.65448
-0.249942,-0.106918,0.00424926,-2.1178,0.171177,1.9374,1.6583
-0.250769,-0.104497,0.00361047,-2.11682,0.171947,1.93872,1.6616
-0.251479,-0.102418,0.0030582,-2.11598,0.172613,1.93984,1.66444
-0.252085,-0.100645,0.00258438,-2.11526,0.173184,1.94081,1.66686
-0.252598,-0.0991416,0.00218091,-2.11465,0.17367,1.94162,1.66892
-0.253029,-0.0978759,0.0018399,-2.11414,0.174081,1.94231,1.67065
-0.25339,-0.0968175,0.00155379,-2.11371,0.174426,1.94289,1.67209
-0.253689,-0.0959381,0.00131547,-2.11335,0.174713,1.94337,1.6733
-0.253936,-0.0952125,0.0011184,-2.11306,0.174951,1.94376,1.67429
-0.254139,-0.0946177,0.000956582,-2.11282,0.175146,1.94408,1.6751
-0.254304,-0.0941335,0.000824664,-2.11262,0.175305,1.94435,1.67576
-0.254437,-0.0937419,0.000717878,-2.11246,0.175434,1.94456,1.6763
-0.254544,-0.0934275,0.000632044,-2.11233,0.175537,1.94473,1.67673
-0.254629,-0.0931767,0.000563536,-2.11223,0.17562,1.94487,1.67707
-0.254696,-0.092978,0.00050924,-2.11215,0.175685,1.94498,1.67734
-0.25475,-0.0928217,0.000466509,-2.11209,0.175737,1.94506,1.67756
-0.254791,-0.0926996,0.000433116,-2.11204,0.175777,1.94513,1.67772
-0.254823,-0.0926049,0.000407203,-2.112,0.175808,1.94518,1.67785
-0.254848,-0.092532,0.000387237,-2.11197,0.175832,1.94522,1.67795
-0.254867,-0.0924761,0.000371961,-2.11195,0.175851,1.94525,1.67803
-0.255883,-0.0899416,-0.000475771,-2.11114,0.176756,1.94688,1.68159
-0.255882,-0.0903476,-0.000475597,-2.11159,0.176684,1.94709,1.68142
-0.255881,-0.0909506,-0.000475389,-2.11224,0.176576,1.94739,1.68118
-0.25588,-0.0917425,-0.000475209,-2.11311,0.176434,1.94778,1.68085
-0.255879,-0.0927125,-0.000475132,-2.11417,0.176261,1.94826,1.68045
-0.255877,-0.0938475,-0.00047524,-2.11541,0.176059,1.94882,1.67998
-0.255876,-0.0951318,-0.000475621,-2.11681,0.17583,1.94946,1.67945
-0.255874,-0.0965482,-0.000476359,-2.11835,0.175577,1.95016,1.67887
-0.255873,-0.0980778,-0.000477531,-2.12002,0.175305,1.95092,1.67824
-0.255872,-0.0997009,-0.000479202,-2.12179,0.175016,1.95172,1.67757
-0.255871,-0.101397,-0.000481419,-2.12364,0.174714,1.95256,1.67687
-0.255871,-0.103145,-0.00048421,-2.12554,0.174403,1.95343,1.67614
-0.25587,-0.104926,-0.000487582,-2.12747,0.174087,1.9543,1.67541
-0.255871,-0.106719,-0.00049152,-2.12942,0.173769,1.95518,1.67467
-0.255871,-0.108505,-0.000495988,-2.13136,0.173452,1.95606,1.67393
-0.255872,-0.110268,-0.00050093,-2.13327,0.17314,1.95693,1.6732
-0.255873,-0.111991,-0.000506277,-2.13514,0.172834,1.95777,1.67248
-0.255874,-0.11366,-0.000511944,-2.13694,0.172539,1.95858,1.67179
-0.255875,-0.115263,-0.000517842,-2.13868,0.172256,1.95937,1.67113
-0.255877,-0.116791,-0.000523876,-2.14033,0.171986,1.96011,1.67049
-0.255878,-0.118234,-0.000529952,-2.14189,0.171731,1.96081,1.6699
-0.25588,-0.119588,-0.000535979,-2.14335,0.171492,1.96147,1.66933
-0.255882,-0.120847,-0.000541876,-2.14471,0.17127,1.96208,1.66881
-0.255883,-0.12201,-0.00054757,-2.14596,0.171065,1.96265,1.66833
-0.255885,-0.123076,-0.000552998,-2.14711,0.170877,1.96316,1.66789
-0.255887,-0.124046,-0.000558112,-2.14816,0.170706,1.96363,1.66748
-0.255888,-0.124923,-0.000562876,-2.1491,0.170552,1.96405,1.66712
-0.25589,-0.125709,-0.000567265,-2.14995,0.170413,1.96443,1.66679
-0.255891,-0.126409,-0.000571267,-2.1507,0.17029,1.96477,1.6665
-0.255892,-0.127029,-0.000574878,-2.15137,0.170181,1.96507,1.66624
-0.255893,-0.127573,-0.000578107,-2.15195,0.170085,1.96533,1.66602
-0.255894,-0.128048,-0.000580966,-2.15246,0.170002,1.96556,1.66582
-0.255895,-0.128459,-0.000583475,-2.1529,0.16993,1.96576,1.66565
-0.255896,-0.128812,-0.000585657,-2.15328,0.169867,1.96593,1.6655
-0.255896,-0.129115,-0.000587539,-2.15361,0.169814,1.96607,1.66538
-0.255897,-0.129371,-0.000589149,-2.15388,0.169769,1.9662,1.66527
-0.255897,-0.129587,-0.000590514,-2.15411,0.169731,1.9663,1.66518
-0.255898,-0.129768,-0.000591664,-2.15431,0.1697,1.96639,1.6651
-0.255898,-0.129919,-0.000592624,-2.15447,0.169673,1.96646,1.66504
-0.255898,-0.130043,-0.000593419,-2.1546,0.169651,1.96652,1.66499
-0.255899,-0.130145,-0.000594074,-2.15471,0.169634,1.96657,1.66495
-0.255899,-0.130228,-0.000594608,-2.1548,0.169619,1.96661,1.66491
-0.257272,-0.125267,-0.00177002,-2.15023,0.16999,1.9671,1.66792
-0.258722,-0.122829,-0.00345981,-2.14575,0.168636,1.96487,1.66507
-0.260867,-0.119177,-0.00595628,-2.13905,0.166646,1.96156,1.66083
-0.263668,-0.114322,-0.00921039,-2.13015,0.164072,1.95719,1.65528
-0.267075,-0.108278,-0.0131575,-2.11911,0.160985,1.95182,1.6485
-0.27103,-0.10107,-0.0177197,-2.10599,0.157467,1.94551,1.64057
-0.274831,-0.0939256,-0.022083,-2.09303,0.154161,1.93935,1.63291
-0.27849,-0.0868516,-0.0262571,-2.08025,0.151056,1.93334,1.62548
-0.282012,-0.0798546,-0.0302509,-2.06764,0.148139,1.92747,1.6183
-0.285406,-0.0729402,-0.034073,-2.05521,0.1454,1.92175,1.61134
-0.289223,-0.0649741,-0.03834,-2.04093,0.1424,1.91523,1.60348
-0.292884,-0.0571333,-0.0423953,-2.02691,0.139613,1.90888,1.59592
-0.296399,-0.0494234,-0.0462503,-2.01316,0.137024,1.90271,1.58863
-0.299775,-0.0418491,-0.049916,-1.99967,0.134619,1.89671,1.58162
-0.303484,-0.0333506,-0.0538996,-1.98456,0.132068,1.89004,1.5739
-0.307033,-0.0250385,-0.0576622,-1.96981,0.129724,1.88357,1.5665
-0.310431,-0.0169161,-0.0612173,-1.95542,0.127572,1.8773,1.55942
-0.314094,-0.00799326,-0.0649967,-1.93963,0.125348,1.87047,1.55178
-0.317588,0.000684323,-0.0685446,-1.9243,0.123328,1.86387,1.54451
-0.320925,0.00911577,-0.0718767,-1.90941,0.121494,1.8575,1.53758
-0.324466,0.0182117,-0.0753545,-1.89337,0.119643,1.85067,1.53025
-0.327836,0.0270048,-0.0786006,-1.87787,0.117982,1.8441,1.5233
-0.331363,0.036348,-0.0819343,-1.86141,0.11634,1.83716,1.51606
-0.334707,0.0453319,-0.0850273,-1.8456,0.114884,1.83051,1.50923
-0.338166,0.0547478,-0.0881591,-1.82903,0.113473,1.82357,1.50221
-0.341703,0.064502,-0.0912886,-1.81187,0.112133,1.81641,1.49509
-0.34503,0.0737832,-0.0941578,-1.79555,0.110971,1.80962,1.48844
-0.348399,0.0832846,-0.0969925,-1.77884,0.109886,1.80269,1.48177
-0.351778,0.0929126,-0.0997622,-1.76192,0.108891,1.79568,1.47515
-0.355137,0.102575,-0.102441,-1.74493,0.107993,1.78867,1.46864
-0.358448,0.112181,-0.105006,-1.72804,0.107196,1.7817,1.46229
-0.361684,0.121645,-0.107441,-1.71139,0.106502,1.77485,1.45617
-0.364821,0.130888,-0.109732,-1.69513,0.105906,1.76816,1.4503
-0.367839,0.139837,-0.111871,-1.67939,0.105404,1.7617,1.44474
-0.370719,0.148427,-0.113853,-1.66427,0.104988,1.7555,1.4395
-0.373446,0.156603,-0.115676,-1.64988,0.104651,1.74959,1.4346
-0.376008,0.164321,-0.11734,-1.63628,0.104383,1.74402,1.43006
-0.378397,0.171547,-0.11885,-1.62356,0.104174,1.73881,1.42588
-0.380607,0.178256,-0.12021,-1.61173,0.104017,1.73396,1.42206
-0.382636,0.184435,-0.121429,-1.60084,0.103902,1.7295,1.4186
-0.384484,0.19008,-0.122514,-1.59088,0.10382,1.72542,1.41548
-0.386156,0.195195,-0.123473,-1.58186,0.103766,1.72173,1.41268
-0.387655,0.199794,-0.124317,-1.57374,0.103733,1.7184,1.4102
-0.38899,0.203896,-0.125055,-1.5665,0.103716,1.71544,1.40801
-0.39017,0.207526,-0.125697,-1.56009,0.10371,1.71281,1.4061
-0.391204,0.210714,-0.126252,-1.55446,0.103712,1.71051,1.40442
-0.392104,0.213492,-0.126728,-1.54955,0.103719,1.70849,1.40298
-0.392882,0.215894,-0.127135,-1.54531,0.10373,1.70676,1.40174
-0.393549,0.217956,-0.127481,-1.54167,0.103741,1.70526,1.40068
-0.394117,0.219713,-0.127772,-1.53856,0.103754,1.70399,1.39978
-0.394597,0.221198,-0.128017,-1.53594,0.103765,1.70291,1.39903
-0.394999,0.222444,-0.128221,-1.53373,0.103776,1.70201,1.39839
-0.395335,0.223483,-0.12839,-1.5319,0.103786,1.70126,1.39787
-0.395612,0.224343,-0.128529,-1.53038,0.103795,1.70064,1.39743
-0.39584,0.225049,-0.128643,-1.52913,0.103803,1.70012,1.39708
-0.396025,0.225624,-0.128736,-1.52811,0.103809,1.69971,1.39679
-0.396176,0.22609,-0.12881,-1.52729,0.103814,1.69937,1.39656
-0.396296,0.226465,-0.12887,-1.52662,0.103819,1.6991,1.39637
-0.396393,0.226764,-0.128918,-1.52609,0.103822,1.69888,1.39622
-0.396469,0.227002,-0.128956,-1.52568,0.103825,1.69871,1.3961
-0.396529,0.227188,-0.128986,-1.52535,0.103827,1.69857,1.39601
-0.396576,0.227334,-0.129009,-1.52509,0.103829,1.69847,1.39593
-0.396613,0.227447,-0.129027,-1.52489,0.103831,1.69838,1.39588
-0.396641,0.227535,-0.129041,-1.52473,0.103832,1.69832,1.39583
-0.396663,0.227601,-0.129051,-1.52461,0.103832,1.69827,1.3958
-0.398644,0.231965,-0.13062,-1.52071,0.105071,1.6979,1.39763
-0.399086,0.231052,-0.130746,-1.52362,0.105504,1.69915,1.39609
-0.399742,0.229705,-0.130934,-1.52792,0.106145,1.70099,1.39381
-0.400603,0.227955,-0.131184,-1.53354,0.106986,1.70341,1.39082
-0.401657,0.225843,-0.131494,-1.54039,0.108015,1.70635,1.38714
-0.402891,0.223416,-0.131861,-1.54833,0.109216,1.70976,1.38282
-0.404286,0.220726,-0.132285,-1.55723,0.110572,1.71358,1.37793
-0.405824,0.217831,-0.132761,-1.56694,0.112062,1.71774,1.37251
-0.407485,0.214789,-0.133287,-1.5773,0.113665,1.72218,1.36665
-0.409247,0.211656,-0.133856,-1.58816,0.115359,1.72684,1.36041
-0.411087,0.208485,-0.134464,-1.59936,0.11712,1.73163,1.35386
-0.412983,0.205327,-0.135105,-1.61075,0.118927,1.73651,1.34709
-0.414913,0.202225,-0.135771,-1.62219,0.120755,1.7414,1.34017
-0.416857,0.199217,-0.136457,-1.63354,0.122585,1.74626,1.33317
-0.418792,0.196334,-0.137154,-1.64469,0.124396,1.75103,1.32618
-0.420702,0.1936,-0.137855,-1.65554,0.12617,1.75567,1.31925
-0.422568,0.191032,-0.138553,-1.666,0.127892,1.76015,1.31246
-0.424376,0.188644,-0.139241,-1.676,0.129549,1.76443,1.30586
-0.426113,0.186441,-0.139913,-1.68549,0.131127,1.76849,1.2995
-0.427767,0.184425,-0.140562,-1.69441,0.13262,1.77231,1.29343
-0.429331,0.182593,-0.141184,-1.70274,0.134021,1.77588,1.28767
-0.430798,0.180941,-0.141774,-1.71047,0.135325,1.77919,1.28226
-0.432163,0.179459,-0.142329,-1.71759,0.13653,1.78225,1.27722
-0.433423,0.17814,-0.142847,-1.72409,0.137635,1.78504,1.27255
-0.434579,0.17697,-0.143326,-1.73001,0.138642,1.78758,1.26826
-0.435632,0.17594,-0.143766,-1.73535,0.139553,1.78988,1.26435
-0.436583,0.175037,-0.144166,-1.74013,0.140372,1.79193,1.26081
-0.437436,0.174249,-0.144527,-1.7444,0.141102,1.79377,1.25763
-0.438197,0.173566,-0.14485,-1.74817,0.14175,1.7954,1.2548
-0.43887,0.172975,-0.145138,-1.7515,0.14232,1.79683,1.25229
-0.439461,0.172467,-0.145391,-1.7544,0.14282,1.79808,1.25008
-0.439977,0.172033,-0.145613,-1.75692,0.143254,1.79917,1.24816
-0.440424,0.171663,-0.145806,-1.7591,0.143629,1.80011,1.24649
-0.440808,0.171349,-0.145973,-1.76096,0.143951,1.80091,1.24505
-0.441137,0.171085,-0.146115,-1.76255,0.144225,1.8016,1.24382
-0.441416,0.170863,-0.146236,-1.7639,0.144457,1.80218,1.24278
-0.441651,0.170678,-0.146338,-1.76503,0.144653,1.80267,1.2419
-0.441848,0.170524,-0.146424,-1.76598,0.144816,1.80308,1.24116
-0.442011,0.170397,-0.146496,-1.76677,0.144952,1.80342,1.24055
-0.442147,0.170293,-0.146555,-1.76741,0.145064,1.8037,1.24004
-0.442257,0.170208,-0.146603,-1.76794,0.145155,1.80393,1.23963
-0.442348,0.17014,-0.146642,-1.76838,0.14523,1.80412,1.23929
-0.442421,0.170084,-0.146674,-1.76872,0.14529,1.80427,1.23902
-0.442479,0.17004,-0.1467,-1.769,0.145339,1.80439,1.2388
-0.442526,0.170004,-0.14672,-1.76923,0.145377,1.80449,1.23862
-0.442563,0.169976,-0.146737,-1.76941,0.145408,1.80456,1.23849
-0.442592,0.169954,-0.146749,-1.76954,0.145432,1.80462,1.23838
-0.442615,0.169937,-0.146759,-1.76965,0.145451,1.80467,1.23829
-0.442633,0.169924,-0.146767,-1.76974,0.145465,1.80471,1.23822
-0.442646,0.169913,-0.146773,-1.7698,0.145476,1.80473,1.23817
-0.444303,0.173435,-0.14823,-1.76709,0.146807,1.8054,1.2401
-0.444056,0.172726,-0.148196,-1.76816,0.14623,1.80685,1.24047
-0.443689,0.171676,-0.148147,-1.76975,0.145371,1.809,1.24103
-0.443209,0.170298,-0.148081,-1.77183,0.14424,1.81183,1.24176
-0.442622,0.168614,-0.147999,-1.77439,0.142851,1.81529,1.24266
-0.441938,0.166648,-0.147901,-1.77737,0.141221,1.81935,1.24373
-0.441168,0.16443,-0.147788,-1.78074,0.139369,1.82393,1.24494
-0.440323,0.161992,-0.147661,-1.78445,0.137317,1.82899,1.24629
-0.439415,0.15937,-0.147519,-1.78845,0.135091,1.83444,1.24777
-0.438458,0.156598,-0.147366,-1.79268,0.132715,1.84023,1.24935
-0.437465,0.153714,-0.1472,-1.7971,0.130218,1.84628,1.25102
-0.436448,0.150755,-0.147026,-1.80164,0.127628,1.85251,1.25277
-0.435421,0.147757,-0.146843,-1.80625,0.124973,1.85885,1.25457
-0.434395,0.144752,-0.146654,-1.81089,0.122282,1.86523,1.25641
-0.43338,0.141773,-0.146461,-1.81549,0.119583,1.87158,1.25826
-0.432387,0.138849,-0.146266,-1.82002,0.116902,1.87784,1.26011
-0.431424,0.136006,-0.146071,-1.82444,0.114263,1.88396,1.26194
-0.430499,0.133264,-0.145878,-1.8287,0.11169,1.88989,1.26374
-0.429617,0.130644,-0.145689,-1.83279,0.109201,1.89557,1.26549
-0.428783,0.12816,-0.145505,-1.83667,0.106816,1.90098,1.26717
-0.428001,0.125822,-0.145329,-1.84034,0.104547,1.90609,1.26878
-0.427273,0.123641,-0.14516,-1.84376,0.102408,1.91088,1.2703
-0.4266,0.121619,-0.145002,-1.84694,0.100407,1.91533,1.27173
-0.425983,0.119759,-0.144853,-1.84987,0.0985489,1.91944,1.27306
-0.42542,0.11806,-0.144715,-1.85255,0.0968375,1.9232,1.27429
-0.424911,0.116519,-0.144589,-1.85499,0.0952732,1.92662,1.27542
-0.424453,0.115132,-0.144473,-1.85718,0.093854,1.92971,1.27645
-0.424044,0.11389,-0.144369,-1.85915,0.0925763,1.93249,1.27738
-0.423682,0.112787,-0.144275,-1.8609,0.0914343,1.93495,1.27821
-0.423362,0.111813,-0.144191,-1.86245,0.0904212,1.93713,1.27894
-0.423082,0.11096,-0.144118,-1.8638,0.0895289,1.93905,1.2796
-0.422839,0.110217,-0.144053,-1.86498,0.0887488,1.94072,1.28017
-0.422629,0.109574,-0.143997,-1.86601,0.0880716,1.94216,1.28066
-0.422449,0.109022,-0.143948,-1.86689,0.087488,1.94341,1.28109
-0.422295,0.108551,-0.143907,-1.86764,0.0869885,1.94447,1.28145
-0.422164,0.108151,-0.143871,-1.86827,0.0865641,1.94537,1.28177
-0.422055,0.107815,-0.143841,-1.86881,0.086206,1.94613,1.28203
-0.421963,0.107533,-0.143816,-1.86926,0.085906,1.94676,1.28225
-0.421887,0.1073,-0.143795,-1.86963,0.0856564,1.94729,1.28243
-0.421824,0.107107,-0.143778,-1.86994,0.0854501,1.94773,1.28258
-0.421772,0.106949,-0.143764,-1.87019,0.0852809,1.94809,1.28271
-0.421731,0.10682,-0.143752,-1.8704,0.0851431,1.94838,1.28281
-0.421697,0.106716,-0.143743,-1.87056,0.0850315,1.94861,1.28289
-0.423244,0.110327,-0.145226,-1.86788,0.0860746,1.94915,1.28507
-0.423276,0.11045,-0.145236,-1.86764,0.0862678,1.94873,1.28517
-0.423323,0.110632,-0.145252,-1.86728,0.0865547,1.94811,1.28532
-0.423386,0.110871,-0.145272,-1.86681,0.0869314,1.9473,1.28553
-0.423462,0.111165,-0.145297,-1.86624,0.0873929,1.94631,1.28577
-0.423552,0.111508,-0.145326,-1.86556,0.0879329,1.94515,1.28606
-0.423654,0.111897,-0.145359,-1.8648,0.0885438,1.94384,1.28639
-0.423767,0.112327,-0.145396,-1.86395,0.0892175,1.94239,1.28675
-0.42389,0.112792,-0.145435,-1.86304,0.089945,1.94083,1.28714
-0.42402,0.113287,-0.145477,-1.86207,0.0907169,1.93917,1.28756
-0.424157,0.113804,-0.145521,-1.86106,0.0915235,1.93744,1.28799
-0.424298,0.114338,-0.145567,-1.86002,0.0923548,1.93566,1.28845
-0.424443,0.114883,-0.145614,-1.85895,0.0932013,1.93384,1.28891
-0.424589,0.115432,-0.145661,-1.85788,0.0940536,1.93201,1.28937
-0.424736,0.115981,-0.145708,-1.85681,0.0949027,1.93019,1.28983
-0.424881,0.116523,-0.145754,-1.85576,0.0957404,1.9284,1.29029
-0.425024,0.117054,-0.1458,-1.85473,0.0965592,1.92664,1.29074
-0.425162,0.11757,-0.145844,-1.85373,0.0973523,1.92494,1.29118
-0.425296,0.118065,-0.145887,-1.85277,0.0981141,1.92331,1.2916
-0.425424,0.118538,-0.145928,-1.85186,0.0988397,1.92175,1.292
-0.425546,0.118986,-0.145967,-1.85099,0.0995254,1.92029,1.29238
-0.42566,0.119407,-0.146003,-1.85018,0.100168,1.91891,1.29274
-0.425766,0.119798,-0.146037,-1.84943,0.100766,1.91763,1.29307
-0.425865,0.12016,-0.146068,-1.84873,0.101319,1.91645,1.29338
-0.425956,0.120492,-0.146097,-1.84809,0.101825,1.91536,1.29366
-0.426039,0.120795,-0.146123,-1.84751,0.102286,1.91438,1.29392
-0.426113,0.121069,-0.146147,-1.84698,0.102702,1.91349,1.29415
-0.426181,0.121315,-0.146168,-1.84651,0.103075,1.91269,1.29436
-0.426241,0.121534,-0.146187,-1.84609,0.103408,1.91198,1.29455
-0.426294,0.121728,-0.146204,-1.84572,0.103702,1.91135,1.29471
-0.426341,0.121898,-0.146219,-1.84539,0.10396,1.9108,1.29486
-0.426382,0.122047,-0.146232,-1.8451,0.104185,1.91031,1.29498
-0.426418,0.122176,-0.146243,-1.84486,0.104381,1.9099,1.29509
-0.426448,0.122286,-0.146253,-1.84464,0.104548,1.90954,1.29519
-0.428006,0.125638,-0.14772,-1.84217,0.105662,1.91063,1.2972
-0.427802,0.125017,-0.147656,-1.84314,0.105,1.91195,1.29735
-0.427498,0.124095,-0.14756,-1.84457,0.104016,1.91391,1.29758
-0.427101,0.122885,-0.147434,-1.84645,0.102721,1.91649,1.29789
-0.426616,0.121407,-0.147279,-1.84875,0.101132,1.91964,1.29826
-0.426052,0.11968,-0.147096,-1.85145,0.099268,1.92334,1.29871
-0.425418,0.117732,-0.146888,-1.85449,0.0971531,1.92752,1.29922
-0.424723,0.115589,-0.146657,-1.85785,0.0948133,1.93212,1.2998
-0.423978,0.113283,-0.146406,-1.86147,0.0922774,1.9371,1.30044
-0.423195,0.110844,-0.146138,-1.8653,0.0895761,1.94239,1.30113
-0.422383,0.108305,-0.145855,-1.86931,0.0867414,1.9479,1.30187
-0.421555,0.105699,-0.145561,-1.87343,0.0838061,1.95359,1.30266
-0.42072,0.103056,-0.145259,-1.87762,0.0808032,1.95939,1.30347
-0.419887,0.100406,-0.144953,-1.88183,0.077765,1.96522,1.30431
-0.419067,0.0977777,-0.144645,-1.88602,0.0747228,1.97103,1.30517
-0.418266,0.095196,-0.144339,-1.89014,0.0717063,1.97676,1.30604
-0.417491,0.0926837,-0.144038,-1.89417,0.0687429,1.98236,1.30691
-0.416749,0.0902605,-0.143744,-1.89806,0.0658578,1.98778,1.30777
-0.416043,0.087943,-0.14346,-1.90179,0.063073,1.99299,1.30862
-0.415377,0.0857447,-0.143188,-1.90534,0.0604076,1.99795,1.30944
-0.414755,0.0836756,-0.142929,-1.90869,0.0578772,2.00264,1.31023
-0.414177,0.0817431,-0.142685,-1.91182,0.0554944,2.00703,1.31099
-0.413643,0.0799517,-0.142457,-1.91473,0.053268,2.01111,1.3117
-0.413155,0.078303,-0.142245,-1.91742,0.051204,2.01488,1.31238
-0.412711,0.0767965,-0.14205,-1.91987,0.0493051,2.01834,1.313
-0.41231,0.0754297,-0.141872,-1.92211,0.0475712,2.02148,1.31358
-0.41195,0.0741982,-0.141711,-1.92412,0.0459999,2.02432,1.3141
-0.41163,0.0730962,-0.141566,-1.92593,0.0445863,2.02687,1.31458
-0.411346,0.0721168,-0.141437,-1.92753,0.043324,2.02913,1.31501
-0.411096,0.0712523,-0.141322,-1.92895,0.0422049,2.03114,1.31539
-0.410877,0.0704943,-0.141221,-1.9302,0.04122,2.0329,1.31573
-0.410687,0.0698342,-0.141132,-1.93128,0.0403594,2.03443,1.31603
-0.410523,0.0692632,-0.141056,-1.93223,0.0396126,2.03576,1.31629
-0.410382,0.0687725,-0.14099,-1.93303,0.0389693,2.03691,1.31651
-0.410262,0.0683537,-0.140934,-1.93372,0.038419,2.03788,1.3167
-0.410161,0.0679986,-0.140886,-1.93431,0.0379515,2.03871,1.31687
-0.410076,0.0676996,-0.140845,-1.9348,0.0375572,2.03941,1.317
-0.410004,0.0674495,-0.140811,-1.93522,0.0372269,2.04,1.31712
-0.409945,0.0672417,-0.140783,-1.93556,0.0369522,2.04048,1.31722
-0.409896,0.0670702,-0.14076,-1.93584,0.0367252,2.04088,1.3173
-0.409856,0.0669296,-0.140741,-1.93607,0.036539,2.04121,1.31736
-0.409824,0.0668151,-0.140725,-1.93626,0.0363873,2.04148,1.31742
-0.409797,0.0667226,-0.140713,-1.93642,0.0362646,2.0417,1.31746
-0.411268,0.0702043,-0.142171,-1.9339,0.0370903,2.04276,1.31965
-0.41127,0.0701837,-0.142161,-1.93391,0.0371477,2.04275,1.31951
-0.411273,0.070153,-0.142146,-1.93392,0.037233,2.04273,1.31931
-0.411277,0.0701127,-0.142127,-1.93394,0.037345,2.04271,1.31905
-0.411282,0.0700634,-0.142103,-1.93395,0.0374822,2.04268,1.31873
-0.411287,0.0700057,-0.142075,-1.93398,0.0376427,2.04264,1.31836
-0.411294,0.0699403,-0.142043,-1.934,0.0378244,2.0426,1.31793
-0.411301,0.0698683,-0.142008,-1.93403,0.0380247,2.04256,1.31747
-0.411308,0.0697904,-0.141971,-1.93406,0.0382411,2.04251,1.31696
-0.411316,0.0697078,-0.141931,-1.93409,0.0384707,2.04246,1.31642
-0.411325,0.0696215,-0.14189,-1.93412,0.0387106,2.0424,1.31586
-0.411333,0.0695325,-0.141847,-1.93416,0.0389579,2.04235,1.31529
-0.411342,0.0694418,-0.141804,-1.93419,0.0392098,2.04229,1.3147
-0.411351,0.0693505,-0.14176,-1.93423,0.0394634,2.04223,1.31411
-0.411359,0.0692595,-0.141716,-1.93426,0.039716,2.04217,1.31352
-0.411368,0.0691697,-0.141674,-1.9343,0.0399653,2.04212,1.31294
-0.411376,0.0690819,-0.141632,-1.93433,0.040209,2.04206,1.31237
-0.411384,0.0689969,-0.141591,-1.93436,0.0404451,2.04201,1.31182
-0.411392,0.0689152,-0.141552,-1.93439,0.0406719,2.04195,1.31129
-0.411399,0.0688373,-0.141515,-1.93442,0.0408879,2.0419,1.31078
-0.411406,0.0687638,-0.141481,-1.93445,0.0410921,2.04186,1.31031
-0.411413,0.0686948,-0.141448,-1.93448,0.0412835,2.04181,1.30986
-0.411419,0.0686306,-0.141417,-1.9345,0.0414616,2.04177,1.30944
-0.411425,0.0685714,-0.141389,-1.93453,0.041626,2.04173,1.30906
-0.41143,0.068517,-0.141364,-1.93455,0.0417768,2.0417,1.30871
-0.411434,0.0684676,-0.14134,-1.93456,0.041914,2.04167,1.30839
-0.411438,0.0684229,-0.141319,-1.93458,0.0420379,2.04164,1.3081
-0.411442,0.0683829,-0.1413,-1.9346,0.0421491,2.04161,1.30784
-0.411446,0.0683472,-0.141284,-1.93461,0.0422481,2.04159,1.30761
-0.411449,0.0683156,-0.141269,-1.93462,0.0423357,2.04157,1.3074
-0.412919,0.0718581,-0.142721,-1.93206,0.0431925,2.0425,1.30956
-0.412945,0.07194,-0.142715,-1.93187,0.043402,2.04216,1.30934
-0.412984,0.0720616,-0.142705,-1.93161,0.043713,2.04165,1.30902
-0.413034,0.0722214,-0.142693,-1.93125,0.0441212,2.04099,1.3086
-0.413096,0.0724174,-0.142678,-1.93082,0.0446207,2.04017,1.30808
-0.413169,0.0726471,-0.14266,-1.93031,0.0452045,2.03922,1.30748
-0.413251,0.0729074,-0.14264,-1.92974,0.0458642,2.03814,1.3068
-0.413343,0.073195,-0.142618,-1.92911,0.0465907,2.03695,1.30605
-0.413442,0.0735062,-0.142594,-1.92843,0.0473739,2.03567,1.30524
-0.413547,0.0738372,-0.142569,-1.9277,0.0482034,2.0343,1.30438
-0.413657,0.0741838,-0.142542,-1.92694,0.0490686,2.03288,1.30349
-0.413772,0.074542,-0.142515,-1.92616,0.0499586,2.0314,1.30257
-0.413888,0.0749076,-0.142488,-1.92536,0.050863,2.02991,1.30163
-0.414006,0.0752766,-0.14246,-1.92455,0.0517717,2.02839,1.30069
-0.414124,0.0756453,-0.142432,-1.92375,0.0526751,2.02689,1.29976
-0.414241,0.0760099,-0.142405,-1.92295,0.0535646,2.0254,1.29884
-0.414356,0.0763672,-0.142378,-1.92218,0.0544321,2.02395,1.29794
-0.414468,0.0767141,-0.142352,-1.92142,0.0552708,2.02254,1.29708
-0.414575,0.0770482,-0.142327,-1.9207,0.0560748,2.02118,1.29624
-0.414678,0.0773671,-0.142304,-1.92001,0.0568391,2.01989,1.29545
-0.414775,0.0776691,-0.142281,-1.91935,0.0575601,2.01867,1.29471
-0.414867,0.0779528,-0.142261,-1.91874,0.0582348,2.01753,1.29401
-0.414952,0.0782173,-0.142241,-1.91817,0.0588616,2.01646,1.29336
-0.415031,0.0784619,-0.142223,-1.91764,0.0594395,2.01548,1.29277
-0.415104,0.0786866,-0.142207,-1.91716,0.0599684,2.01457,1.29222
-0.41517,0.0788913,-0.142192,-1.91672,0.0604491,2.01375,1.29172
-0.41523,0.0790765,-0.142178,-1.91632,0.0608829,2.01301,1.29128
-0.415284,0.0792428,-0.142166,-1.91596,0.0612716,2.01234,1.29087
-0.415332,0.0793911,-0.142156,-1.91564,0.0616175,2.01175,1.29052
-0.415375,0.0795224,-0.142146,-1.91536,0.0619231,2.01122,1.2902
-0.415412,0.0796378,-0.142138,-1.91511,0.0621913,2.01076,1.28992
-0.415445,0.0797386,-0.14213,-1.9149,0.0624251,2.01036,1.28968
-0.415443,0.0795717,-0.142134,-1.91444,0.0623814,2.00974,1.28973
-0.412511,0.0721131,-0.139276,-1.91878,0.0604236,2.00663,1.28553
-0.408186,0.0609255,-0.135039,-1.92532,0.0575752,2.00199,1.27923
-0.403949,0.0498536,-0.130863,-1.93175,0.0548708,1.99733,1.27298
-0.399796,0.0388975,-0.126749,-1.93808,0.0523064,1.99267,1.26675
-0.395723,0.0280571,-0.122698,-1.94431,0.0498775,1.988,1.26057
-0.391727,0.0173324,-0.118711,-1.95043,0.0475797,1.98333,1.25442
-0.387803,0.00672338,-0.114791,-1.95644,0.0454087,1.97865,1.24831
-0.38395,-0.00377019,-0.110937,-1.96236,0.04336,1.97397,1.24224
-0.380163,-0.0141485,-0.107151,-1.96816,0.0414293,1.96929,1.23621
-0.37644,-0.0244118,-0.103434,-1.97386,0.0396121,1.9646,1.23021
-0.372778,-0.0345605,-0.0997846,-1.97945,0.0379041,1.95992,1.22425
-0.369174,-0.0445948,-0.0962046,-1.98494,0.036301,1.95524,1.21834
-0.365626,-0.0545151,-0.092694,-1.99033,0.0347985,1.95055,1.21246
-0.362132,-0.0643218,-0.0892529,-1.99561,0.0333924,1.94587,1.20662
-0.358689,-0.0740154,-0.0858812,-2.00078,0.0320786,1.94119,1.20083
-0.355295,-0.0835963,-0.0825788,-2.00586,0.0308531,1.93652,1.19507
-0.350847,-0.0962795,-0.0782818,-2.01255,0.0293256,1.93031,1.18743
-0.346478,-0.10876,-0.074107,-2.01906,0.0279412,1.9241,1.17987
-0.342186,-0.12104,-0.0700532,-2.02539,0.0266909,1.91791,1.17239
-0.337967,-0.133121,-0.0661191,-2.03153,0.0255661,1.91173,1.16498
-0.333817,-0.145004,-0.0623032,-2.03749,0.0245585,1.90557,1.15766
-0.329734,-0.15669,-0.0586036,-2.04328,0.0236602,1.89943,1.15043
-0.325715,-0.168182,-0.0550184,-2.0489,0.0228638,1.89331,1.14327
-0.321757,-0.179481,-0.0515454,-2.05435,0.0221619,1.88721,1.1362
-0.31786,-0.190588,-0.0481825,-2.05963,0.0215479,1.88114,1.12922
-0.31402,-0.201507,-0.0449273,-2.06475,0.0210152,1.8751,1.12233
-0.310237,-0.212237,-0.0417773,-2.0697,0.0205577,1.86909,1.11553
-0.306508,-0.222782,-0.03873,-2.07451,0.0201698,1.86311,1.10881
-0.302833,-0.233142,-0.0357829,-2.07915,0.0198458,1.85716,1.10219
-0.29921,-0.243321,-0.0329334,-2.08365,0.0195808,1.85125,1.09565
-0.294755,-0.255857,-0.029504,-2.08914,0.0193127,1.84391,1.08757
-0.290378,-0.268111,-0.0262181,-2.09439,0.0191219,1.83663,1.07964
-0.286076,-0.280088,-0.0230706,-2.09942,0.0190001,1.82942,1.07185
-0.28185,-0.291791,-0.0200562,-2.10425,0.01894,1.82227,1.06421
-0.277697,-0.303225,-0.0171699,-2.10886,0.0189346,1.8152,1.05671
-0.273616,-0.314394,-0.0144067,-2.11328,0.0189777,1.80819,1.04936
-0.269607,-0.325302,-0.0117616,-2.11751,0.0190634,1.80127,1.04215
-0.265668,-0.335954,-0.00922981,-2.12155,0.0191865,1.79442,1.03508
-0.261799,-0.346354,-0.00680662,-2.12541,0.0193424,1.78765,1.02816
-0.257246,-0.358564,-0.00403628,-2.12987,0.0195591,1.77963,1.02
-0.252791,-0.370421,-0.00140842,-2.13408,0.019811,1.77172,1.01205
-0.248432,-0.381932,0.00108436,-2.13807,0.020092,1.76394,1.00429
-0.244169,-0.393107,0.00344911,-2.14183,0.0203967,1.75629,0.996738
-0.24,-0.403952,0.0056926,-2.14538,0.0207206,1.74877,0.989378
-0.235924,-0.414476,0.00782129,-2.14874,0.0210594,1.74138,0.98221
-0.231282,-0.426408,0.0101667,-2.15245,0.0214637,1.7329,0.974052
-0.226764,-0.437922,0.0123732,-2.15591,0.0218792,1.72461,0.966149
-0.222368,-0.44903,0.0144497,-2.15914,0.0223016,1.7165,0.958494
-0.218092,-0.459744,0.0164044,-2.16215,0.0227275,1.70858,0.951083
-0.213933,-0.470076,0.0182449,-2.16496,0.0231536,1.70084,0.943909
-0.209318,-0.481478,0.0202164,-2.16795,0.023634,1.6922,0.935961
-0.204851,-0.492411,0.0220584,-2.17071,0.024109,1.6838,0.928308
-0.20053,-0.502893,0.02378,-2.17324,0.024576,1.67564,0.920942
-0.195833,-0.514209,0.0255825,-2.17587,0.0250861,1.66673,0.912956
-0.191312,-0.524995,0.027255,-2.17825,0.0255821,1.65812,0.905311
-0.186963,-0.535274,0.0288082,-2.18041,0.0260622,1.6498,0.897994
-0.182318,-0.546168,0.0304041,-2.18259,0.0265731,1.64087,0.890205
-0.177873,-0.556489,0.0318764,-2.18454,0.0270626,1.6323,0.882792
-0.173198,-0.567254,0.0333645,-2.18646,0.0275734,1.62325,0.875024
-0.168347,-0.578325,0.0348463,-2.1883,0.0280984,1.61381,0.866994
-0.163753,-0.588692,0.0361963,-2.1899,0.0285928,1.60484,0.859437
-0.159045,-0.599217,0.0375245,-2.1914,0.0290929,1.59562,0.851725
-0.154274,-0.609777,0.0388157,-2.19278,0.0295923,1.58624,0.843946
-0.149489,-0.620257,0.0400578,-2.19401,0.0300853,1.5768,0.836182
-0.144737,-0.630551,0.0412411,-2.19509,0.0305667,1.56739,0.828512
-0.140062,-0.640564,0.0423586,-2.19601,0.0310321,1.55811,0.821007
-0.135506,-0.650216,0.0434059,-2.19676,0.0314779,1.54904,0.813731
-0.131102,-0.659436,0.0443802,-2.19737,0.0319011,1.54024,0.806739
-0.126884,-0.668171,0.0452808,-2.19782,0.0322998,1.5318,0.800077
-0.122876,-0.676378,0.0461083,-2.19814,0.0326725,1.52377,0.793782
-0.119098,-0.684029,0.0468641,-2.19835,0.0330185,1.51618,0.78788
-0.115567,-0.691108,0.0475509,-2.19845,0.0333376,1.50908,0.782391
-0.112292,-0.697609,0.0481718,-2.19848,0.0336298,1.50248,0.777325
-0.109277,-0.703536,0.0487301,-2.19843,0.0338959,1.4964,0.772683
-0.106523,-0.708902,0.0492298,-2.19834,0.0341367,1.49084,0.768462
-0.104027,-0.713726,0.0496748,-2.19821,0.0343533,1.4858,0.764652
-0.101782,-0.718034,0.050069,-2.19806,0.034547,1.48126,0.761236
-0.0997758,-0.721854,0.0504165,-2.19789,0.0347191,1.47721,0.758196
-0.0979973,-0.725221,0.0507211,-2.19772,0.034871,1.47361,0.75551
-0.0964319,-0.728167,0.0509867,-2.19756,0.0350044,1.47044,0.753152
-0.0950639,-0.730728,0.051217,-2.1974,0.0351208,1.46767,0.751097
-0.0938769,-0.732941,0.0514155,-2.19725,0.0352216,1.46527,0.749318
-0.0928542,-0.734839,0.0515857,-2.19711,0.0353083,1.4632,0.747788
-0.0919793,-0.736458,0.0517306,-2.19698,0.0353826,1.46143,0.746482
-0.0912362,-0.737829,0.0518533,-2.19688,0.0354456,1.45992,0.745374
-0.0906092,-0.738982,0.0519566,-2.19678,0.0354988,1.45865,0.744441
-0.0900841,-0.739946,0.0520429,-2.1967,0.0355434,1.45759,0.74366
-0.0896473,-0.740746,0.0521146,-2.19663,0.0355805,1.4567,0.743011
-0.0892864,-0.741407,0.0521737,-2.19657,0.0356112,1.45597,0.742476
-0.0889903,-0.741947,0.0522222,-2.19652,0.0356364,1.45537,0.742037
-0.0887492,-0.742388,0.0522617,-2.19648,0.0356569,1.45488,0.741679
-0.088554,-0.742743,0.0522936,-2.19645,0.0356736,1.45449,0.74139
-0.0883972,-0.743029,0.0523192,-2.19642,0.0356869,1.45417,0.741158
-0.0882721,-0.743257,0.0523397,-2.1964,0.0356976,1.45392,0.740973
-0.088173,-0.743437,0.0523559,-2.19638,0.035706,1.45371,0.740826
-0.088095,-0.743579,0.0523686,-2.19637,0.0357127,1.45356,0.740711
-0.0880341,-0.74369,0.0523786,-2.19636,0.0357179,1.45343,0.740621
-0.0879868,-0.743776,0.0523863,-2.19635,0.0357219,1.45334,0.740551
-0.0879504,-0.743842,0.0523923,-2.19634,0.0357251,1.45326,0.740497
-0.0879225,-0.743893,0.0523968,-2.19634,0.0357274,1.45321,0.740456
